;sem_1;sem_2;int_jan;int_feb;int_jun;int_jul;int_no;int_dec
0;ACCT1006;ACCT1006;ANHS2606;AMSI4001;AVBS2011;ANHS3998;AVBS2011;AVBS2011
1;ACCT2011;ACCT2011;AVBS2011;ANHS3998;AVBS2012;ANTH3998;AVBS2012;AVBS2012
2;ACCT2019;ACCT2019;AVBS2012;ANTH3998;AVBS2013;ARBC3998;AVBS2013;AVBS2013
3;ACCT3011;ACCT3011;AVBS2013;ARBC3998;AVBS2014;ARCO3404;AVBS2014;AVBS2014
4;ACCT3013;ACCT3015;AVBS2014;ARCO3998;HPSC1000;ARCO3998;HSBH3008;CHNS2650
5;ACCT3016;ACCT3031;BIOL3055;ARHT3998;HSBH3012;ARHT3998;OLES2137;CHNS2651
6;ACCT3020;AERO2703;CHEM1111;ASNS3998;OLES2139;ASNS2669;OLES2139;CHNS2652
7;AERO9760;AERO8200;CHEM1112;AVBS2011;OLES2143;ASNS3998;OLES2147;CHNS2653
8;AFNR3001;AERO8750;GEOS1003;AVBS2012;OLES2149;AVBS2011;OLES2153;CHNS3660
9;AFNR4101;AFNR4001;MATH1002;AVBS2013;OLET5610;AVBS2012;OLET1656;CHNS3661
10;AFNR4102;AFNR4101;MATH1005;AVBS2014;OLET5704;AVBS2013;OLET2606;CHNS3662
11;AFNR5502;AFNR4102;MATH1011;BBCL3998;PSYC4108;AVBS2014;PUBH5215;CHNS3663
12;AFNR5511;AFNR5801;MATH1013;BIOL3010;PUBH5215;BBCL3998;;DATA5207
13;AGRI2001;AGRI3888;MATH1014;BIOL3910;;BIOL3008;;EDUF3038
14;AGRI4001;AGRI4103;MATH1021;BUSS1020;;BIOL3016;;FRNC1601
15;AGRI4103;AGRI4104;MATH1023;BUSS4903;;BIOL3908;;HSBH3012
16;AGRI4104;AGRI4105;MATH1115;BUSS4905;;BIOL3916;;IBUS3106
17;AGRI4105;AGRI4106;OLES2129;CAEL3998;;BUSS4905;;JPNS1611
18;AGRI4106;AGRO4006;OLET1115;CEPI5100;;CAEL2039;;KRNS1621
19;AMAT4103;AMAT4103;PSYC1001;CHNS3998;;CAEL2042;;OLES2143
20;AMAT4104;AMAT4104;PSYC1002;CIVL1110;;CAEL3998;;OLES2145
21;AMAT4105;AMAT4105;;CRIM3998;;CEPI5100;;OLES2151
22;AMAT4106;AMAT4106;;ECMT1010;;CHNS1101;;OLET1208
23;AMED3001;AMED3003;;ECON1001;;CHNS2650;;PRFM1602
24;AMED3002;AMED3888;;ECON1002;;CHNS2651;;WRIT1002
25;AMED3901;AMED3903;;ECON3998;;CHNS2652;;
26;AMED4103;AMED4001;;ECON5001;;CHNS2653;;
27;AMED4104;AMED4103;;ECON5002;;CHNS3000;;
28;AMED4105;AMED4104;;ECOP3021;;CHNS3660;;
29;AMED4106;AMED4105;;ECOP3998;;CHNS3661;;
30;AMED4107;AMED4106;;ECOS2001;;CHNS3662;;
31;AMED4108;AMED4107;;ECOS2002;;CHNS3663;;
32;AMME2000;AMED4108;;ECOS3005;;CHNS3998;;
33;AMME2261;AMME1362;;ENGG1810;;CIVL1802;;
34;AMME2450;AMME1802;;ENGG1865;;CRIM3998;;
35;AMME2500;AMME2200;;ENGL3998;;ECON3998;;
36;AMME2700;AMME2262;;EUST3998;;ECOP3998;;
37;AMME4111;AMME2301;;FASS4901;;EDUF3038;;
38;AMME4112;AMME4111;;FILM3998;;EDUF3135;;
39;AMME5292;AMME4112;;FINC2011;;ENGL3998;;
40;AMME5310;AMME5060;;FRNC3998;;EUST3998;;
41;AMME8101;AMME5271;;GCST1601;;FASS4901;;
42;AMME8202;AMME8510;;GCST1603;;FILM3998;;
43;AMME8520;AMST1001;;GCST2607;;FOOD4001;;
44;AMME9450;AMST2606;;GCST2631;;FRNC1601;;
45;AMST1202;AMST3601;;GCST3998;;FRNC3998;;
46;AMST2701;ANAT2009;;GEOS3053;;GCST1602;;
47;ANAT2008;ANAT2010;;GEOS3953;;GCST2612;;
48;ANAT2011;ANAT2011;;GOVT3898;;GCST3998;;
49;ANAT3006;ANAT2910;;GRKA3998;;GEOS3008;;
50;ANAT3007;ANAT3004;;GRMN1002;;GEOS3908;;
51;ANAT3008;ANAT3009;;GRMN3998;;GOVT3898;;
52;ANAT3010;ANAT3888;;HBRW3998;;GRKA3998;;
53;ANAT3907;ANAT3904;;HPSC1000;;GRMN1001;;
54;ANAT3908;ANAT3909;;HPSC1001;;GRMN3998;;
55;ANAT4103;ANAT4103;;HSBH3012;;HBRW3998;;
56;ANAT4104;ANAT4104;;HSBH3026;;HSBH3026;;
57;ANAT4105;ANAT4105;;HSTY3998;;HSTY3998;;
58;ANAT4106;ANAT4106;;IBUS3106;;ICLS3998;;
59;ANAT4107;ANAT4107;;ICLS3998;;INDG1001;;
60;ANAT4108;ANAT4108;;INDG3998;;INDG3998;;
61;ANHS1600;ANHS1601;;INFS1000;;INMS3998;;
62;ANHS2610;ANHS1602;;INMS3998;;ITLN1611;;
63;ANHS2615;ANHS2603;;ITLN2001;;ITLN2001;;
64;ANHS2616;ANHS2609;;ITLN3998;;ITLN3998;;
65;ANHS2618;ANHS2614;;JCTC3998;;JCTC3998;;
66;ANHS2619;ANHS2622;;JPNS1611;;JPNS1611;;
67;ANHS3602;ANHS2635;;JPNS1612;;JPNS3998;;
68;ANHS3638;ANHS3608;;JPNS3998;;KRNS3998;;
69;ANHS3998;ANHS3635;;KRNS3998;;LATN3998;;
70;ANHS7001;ANHS3636;;LATN3998;;LNGS3998;;
71;ANSC3102;ANHS3998;;LNGS3998;;MGRK3998;;
72;ANTH1001;ANHS7001;;MGRK3998;;OLET1139;;
73;ANTH2625;ANSC3105;;OLET1143;;OLET1201;;
74;ANTH2629;ANSC3106;;OLET1625;;OLET1202;;
75;ANTH2653;ANSC3888;;OLET1630;;OLET1203;;
76;ANTH2700;ANTH1002;;OLET1632;;OLET1622;;
77;ANTH3601;ANTH2606;;OLET1666;;OLET1625;;
78;ANTH3603;ANTH2623;;OLET2127;;OLET1630;;
79;ANTH3618;ANTH2627;;OLET2510;;OLET1632;;
80;ANTH3653;ANTH3604;;PERF3640;;OLET1652;;
81;ANTH3998;ANTH3615;;PHIL2617;;OLET1666;;
82;ARBC1611;ANTH3632;;PHIL3998;;OLET2127;;
83;ARBC2210;ANTH3700;;PRFM3607;;OLET2606;;
84;ARBC2613;ANTH3998;;PRFM3998;;OLET5606;;
85;ARBC2671;ARBC1612;;RLST3998;;OLET5702;;
86;ARBC3200;ARBC2211;;RSCH9111;;OLET5706;;
87;ARBC3615;ARBC2614;;SCIE5001;;PERF3640;;
88;ARBC3636;ARBC2681;;SCLG3998;;PHIL1012;;
89;ARBC3691;ARBC3201;;SCPU3001;;PHIL3998;;
90;ARBC3998;ARBC3202;;SCPU4001;;PMGT5897;;
91;ARCF9001;ARBC3616;;SLSS3998;;PRFM1601;;
92;ARCO1000;ARBC3998;;SPAN3998;;PRFM2601;;
93;ARCO1002;ARCF9001;;USSC3998;;PRFM3998;;
94;ARCO2001;ARCO1001;;WILD4001;;RLST3998;;
95;ARCO2002;ARCO2008;;;;RSCH9111;;
96;ARCO2007;ARCO2011;;;;SCIE5001;;
97;ARCO2106;ARCO2101;;;;SCLG3998;;
98;ARCO3005;ARCO2103;;;;SCPU3001;;
99;ARCO3006;ARCO3002;;;;SCPU4001;;
100;ARCO3011;ARCO3003;;;;SLSS3998;;
101;ARCO3101;ARCO3004;;;;SPAN3998;;
102;ARCO3998;ARCO3007;;;;USSC1604;;
103;ARCO6002;ARCO3401;;;;USSC2604;;
104;ARCO6003;ARCO3402;;;;USSC3998;;
105;AREC3003;ARCO3403;;;;WILD4002;;
106;AREC3004;ARCO3998;;;;;;
107;AREC3005;ARCO6001;;;;;;
108;ARHT1001;AREC3002;;;;;;
109;ARHT2614;ARHT1002;;;;;;
110;ARHT2616;ARHT2618;;;;;;
111;ARHT2632;ARHT2645;;;;;;
112;ARHT2636;ARHT2671;;;;;;
113;ARHT2678;ARHT2676;;;;;;
114;ARHT3636;ARHT2677;;;;;;
115;ARHT3646;ARHT2680;;;;;;
116;ARHT3662;ARHT3617;;;;;;
117;ARHT3663;ARHT3633;;;;;;
118;ARHT3673;ARHT3675;;;;;;
119;ARHT3678;ARHT3680;;;;;;
120;ARHT3998;ARHT3998;;;;;;
121;ARHT5006;ARHT5000;;;;;;
122;ARIN2620;ARIN1001;;;;;;
123;ARIN3610;ARIN2610;;;;;;
124;ARIN3640;ARIN3620;;;;;;
125;ASNS1200;ARIN3630;;;;;;
126;ASNS1602;ASNS1201;;;;;;
127;ASNS2002;ASNS1601;;;;;;
128;ASNS2004;ASNS2003;;;;;;
129;ASNS2011;ASNS2613;;;;;;
130;ASNS2618;ASNS2642;;;;;;
131;ASNS2634;ASNS2661;;;;;;
132;ASNS2663;ASNS2665;;;;;;
133;ASNS3616;ASNS2672;;;;;;
134;ASNS3670;ASNS3001;;;;;;
135;ASNS3998;ASNS3002;;;;;;
136;ASNS6010;ASNS3111;;;;;;
137;ASNS6011;ASNS3690;;;;;;
138;ASNS6012;ASNS3998;;;;;;
139;ASNS6013;ASNS6010;;;;;;
140;AVBS1003;ASNS6011;;;;;;
141;AVBS2005;ASNS6012;;;;;;
142;AVBS2007;ASNS6013;;;;;;
143;AVBS2013;AVBS1002;;;;;;
144;AVBS3001;AVBS2001;;;;;;
145;AVBS3004;AVBS2004;;;;;;
146;AVBS3005;AVBS2013;;;;;;
147;AVBS3010;AVBS3008;;;;;;
148;AVBS4000;AVBS3009;;;;;;
149;AVBS4012;AVBS3888;;;;;;
150;AVBS4015;AVBS4000;;;;;;
151;AVBS4016;AVBS4002;;;;;;
152;AVBS4017;AVBS4015;;;;;;
153;AVBS4018;AVBS4016;;;;;;
154;BANK2011;AVBS4017;;;;;;
155;BANK3011;AVBS4018;;;;;;
156;BANK3014;AVBS4020;;;;;;
157;BBCL1001;BACH3128;;;;;;
158;BBCL2603;BACH3146;;;;;;
159;BBCL2607;BANK2011;;;;;;
160;BBCL2609;BANK3011;;;;;;
161;BBCL3998;BANK3012;;;;;;
162;BCMB2001;BANK3013;;;;;;
163;BCMB2901;BBCL1002;;;;;;
164;BCMB3001;BBCL2610;;;;;;
165;BCMB3002;BBCL3601;;;;;;
166;BCMB3901;BBCL3602;;;;;;
167;BCMB3902;BBCL3998;;;;;;
168;BCMB4103;BCMB2002;;;;;;
169;BCMB4104;BCMB2902;;;;;;
170;BCMB4105;BCMB3003;;;;;;
171;BCMB4106;BCMB3004;;;;;;
172;BCMB4107;BCMB3888;;;;;;
173;BCMB4108;BCMB3903;;;;;;
174;BETH5204;BCMB3904;;;;;;
175;BIOL1006;BCMB4103;;;;;;
176;BIOL1008;BCMB4104;;;;;;
177;BIOL1906;BCMB4105;;;;;;
178;BIOL1908;BCMB4106;;;;;;
179;BIOL1996;BCMB4107;;;;;;
180;BIOL1998;BCMB4108;;;;;;
181;BIOL2021;BETH5202;;;;;;
182;BIOL2029;BETH5203;;;;;;
183;BIOL2030;BIOL1007;;;;;;
184;BIOL2921;BIOL1907;;;;;;
185;BIOL2929;BIOL1997;;;;;;
186;BIOL2930;BIOL2022;;;;;;
187;BIOL3005;BIOL2024;;;;;;
188;BIOL3018;BIOL2031;;;;;;
189;BIOL3019;BIOL2032;;;;;;
190;BIOL3020;BIOL2033;;;;;;
191;BIOL3026;BIOL2924;;;;;;
192;BIOL3034;BIOL3004;;;;;;
193;BIOL3045;BIOL3007;;;;;;
194;BIOL3046;BIOL3013;;;;;;
195;BIOL3918;BIOL3033;;;;;;
196;BIOL3926;BIOL3888;;;;;;
197;BIOL3945;BIOL3907;;;;;;
198;BIOL3946;BIOL3913;;;;;;
199;BIOL4103;BIOL4103;;;;;;
200;BIOL4104;BIOL4104;;;;;;
201;BIOL4105;BIOL4105;;;;;;
202;BIOL4106;BIOL4106;;;;;;
203;BIOL4107;BIOL4107;;;;;;
204;BIOL4108;BIOL4108;;;;;;
205;BIOS1168;BIOS1168;;;;;;
206;BIOS1169;BIOS1169;;;;;;
207;BIOS2170;BIOS2171;;;;;;
208;BMET2400;BIOS3065;;;;;;
209;BMET2903;BMET1961;;;;;;
210;BMET2925;BMET2922;;;;;;
211;BMET2960;BMET4111;;;;;;
212;BMET4111;BMET4112;;;;;;
213;BMET4112;BMET5907;;;;;;
214;BMET5911;BMET5944;;;;;;
215;BMET5931;BMET5957;;;;;;
216;BMET5933;BMET5958;;;;;;
217;BMET5953;BMET5962;;;;;;
218;BMET5995;BMET5992;;;;;;
219;BMET9921;BMET8790;;;;;;
220;BMET9925;BMET9802;;;;;;
221;BSTA5002;BMET9921;;;;;;
222;BSTA5007;BSTA5002;;;;;;
223;BSTA5023;BSTA5007;;;;;;
224;BUSS1020;BUSS1020;;;;;;
225;BUSS1030;BUSS1030;;;;;;
226;BUSS1040;BUSS1040;;;;;;
227;BUSS4900;BUSS4906;;;;;;
228;BUSS4902;BUSS4910;;;;;;
229;BUSS4906;BUSS4911;;;;;;
230;BUSS4910;BUSS4912;;;;;;
231;BUSS4920;BUSS4915;;;;;;
232;BUSS4921;BUSS4916;;;;;;
233;BUSS4931;BUSS4917;;;;;;
234;BUSS4932;BUSS4920;;;;;;
235;BUSS4940;BUSS4921;;;;;;
236;BUSS7901;BUSS4933;;;;;;
237;BUSS7902;BUSS4934;;;;;;
238;BUSS7903;BUSS7901;;;;;;
239;BUSS7910;BUSS7902;;;;;;
240;CAEL1002;BUSS7903;;;;;;
241;CAEL2039;BUSS7904;;;;;;
242;CAEL2042;BUSS7906;;;;;;
243;CAEL2045;BUSS7910;;;;;;
244;CAEL2046;CAEL1001;;;;;;
245;CAEL2048;CAEL2041;;;;;;
246;CAEL2049;CAEL2044;;;;;;
247;CAEL2055;CAEL2047;;;;;;
248;CAEL2072;CAEL2049;;;;;;
249;CAEL2076;CAEL2053;;;;;;
250;CAEL2080;CAEL2054;;;;;;
251;CAEL2085;CAEL2069;;;;;;
252;CAEL2092;CAEL2072;;;;;;
253;CAEL2094;CAEL2081;;;;;;
254;CAEL2098;CAEL2085;;;;;;
255;CAEL2101;CAEL2093;;;;;;
256;CAEL2102;CAEL2095;;;;;;
257;CAEL3014;CAEL2096;;;;;;
258;CAEL3015;CAEL2098;;;;;;
259;CAEL3020;CAEL2101;;;;;;
260;CAEL3021;CAEL2102;;;;;;
261;CAEL3022;CAEL3015;;;;;;
262;CAEL3998;CAEL3016;;;;;;
263;CART7006;CAEL3017;;;;;;
264;CAVA1001;CAEL3018;;;;;;
265;CAVA1002;CAEL3998;;;;;;
266;CAVA4001;CAVA1001;;;;;;
267;CELL4103;CAVA1002;;;;;;
268;CELL4104;CAVA4001;;;;;;
269;CELL4105;CELL4103;;;;;;
270;CELL4106;CELL4104;;;;;;
271;CELL4107;CELL4105;;;;;;
272;CELL4108;CELL4106;;;;;;
273;CEPI5100;CELL4107;;;;;;
274;CEPI5300;CELL4108;;;;;;
275;CEPI5315;CEPI5100;;;;;;
276;CHEM1011;CEPI5215;;;;;;
277;CHEM1111;CHEM1012;;;;;;
278;CHEM1112;CHEM1111;;;;;;
279;CHEM1911;CHEM1112;;;;;;
280;CHEM1991;CHEM1912;;;;;;
281;CHEM2521;CHEM1992;;;;;;
282;CHEM2522;CHEM2523;;;;;;
283;CHEM2532;CHEM2524;;;;;;
284;CHEM2921;CHEM2533;;;;;;
285;CHEM2922;CHEM2534;;;;;;
286;CHEM2991;CHEM2923;;;;;;
287;CHEM3118;CHEM2924;;;;;;
288;CHEM3119;CHEM3121;;;;;;
289;CHEM3120;CHEM3122;;;;;;
290;CHEM3918;CHEM3123;;;;;;
291;CHEM3919;CHEM3888;;;;;;
292;CHEM3920;CHEM3921;;;;;;
293;CHEM4101;CHEM3922;;;;;;
294;CHEM4103;CHEM3923;;;;;;
295;CHEM4104;CHEM4101;;;;;;
296;CHEM4105;CHEM4103;;;;;;
297;CHEM4106;CHEM4104;;;;;;
298;CHEM4107;CHEM4105;;;;;;
299;CHEM4108;CHEM4106;;;;;;
300;CHEM5101;CHEM4107;;;;;;
301;CHNG1108;CHEM4108;;;;;;
302;CHNG2801;CHEM5102;;;;;;
303;CHNG2803;CHNG1103;;;;;;
304;CHNG3808;CHNG1106;;;;;;
305;CHNG4811;CHNG2804;;;;;;
306;CHNG4812;CHNG2805;;;;;;
307;CHNG5004;CHNG2806;;;;;;
308;CHNG5005;CHNG3804;;;;;;
309;CHNG5601;CHNG4811;;;;;;
310;CHNG5603;CHNG4812;;;;;;
311;CHNS1101;CHNG5001;;;;;;
312;CHNS1601;CHNG5003;;;;;;
313;CHNS2001;CHNG5006;;;;;;
314;CHNS2003;CHNG5008;;;;;;
315;CHNS2004;CHNG5602;;;;;;
316;CHNS2601;CHNG5604;;;;;;
317;CHNS2611;CHNG5605;;;;;;
318;CHNS2613;CHNG5606;;;;;;
319;CHNS3000;CHNS1102;;;;;;
320;CHNS3601;CHNS2002;;;;;;
321;CHNS3603;CHNS2005;;;;;;
322;CHNS3605;CHNS2602;;;;;;
323;CHNS3608;CHNS2614;;;;;;
324;CHNS3610;CHNS3001;;;;;;
325;CHNS3611;CHNS3111;;;;;;
326;CHNS3633;CHNS3602;;;;;;
327;CHNS3647;CHNS3604;;;;;;
328;CHNS3650;CHNS3606;;;;;;
329;CHNS3998;CHNS3609;;;;;;
330;CIVL1802;CHNS3612;;;;;;
331;CIVL1900;CHNS3639;;;;;;
332;CIVL2110;CHNS3648;;;;;;
333;CIVL2201;CHNS3680;;;;;;
334;CIVL2700;CHNS3998;;;;;;
335;CIVL4022;CIVL1110;;;;;;
336;CIVL4023;CIVL1810;;;;;;
337;CIVL5458;CIVL2010;;;;;;
338;CIVL5460;CIVL2410;;;;;;
339;CIVL5702;CIVL2611;;;;;;
340;CIVL5703;CIVL2812;;;;;;
341;CIVL5999;CIVL4022;;;;;;
342;CIVL6257;CIVL4023;;;;;;
343;CIVL6267;CIVL5351;;;;;;
344;CIVL6450;CIVL5701;;;;;;
345;CIVL6455;CIVL5704;;;;;;
346;CIVL9310;CIVL6264;;;;;;
347;CLAW1001;CIVL6268;;;;;;
348;CLAW1003;CIVL6456;;;;;;
349;CLAW2202;CIVL6665;;;;;;
350;CLAW2205;CIVL6669;;;;;;
351;CLAW2209;CIVL9320;;;;;;
352;CLAW2214;CLAW1001;;;;;;
353;CLAW3201;CLAW1003;;;;;;
354;CLAW3207;CLAW2207;;;;;;
355;CLAW3209;CLAW2211;;;;;;
356;CLAW3210;CLAW2212;;;;;;
357;CLAW3888;CLAW2214;;;;;;
358;CLST1000;CLAW3201;;;;;;
359;CLST2608;CLAW3202;;;;;;
360;CLST2613;CLAW3206;;;;;;
361;CLST2614;CLST3614;;;;;;
362;CLST3615;CMPN1003;;;;;;
363;CMPN1000;CMPN1010;;;;;;
364;CMPN1013;CMPN1013;;;;;;
365;CMPN1014;CMPN1014;;;;;;
366;CMPN1611;CMPN1612;;;;;;
367;CMPN2613;CMPN2007;;;;;;
368;CMPN2631;CMPN2614;;;;;;
369;CMPN3635;CMPN2632;;;;;;
370;CMPN4666;CMPN3634;;;;;;
371;CMPN5006;CMPN5012;;;;;;
372;CMPN5012;CMPN5114;;;;;;
373;COMP2017;COMP2022;;;;;;
374;COMP2123;COMP2922;;;;;;
375;COMP2823;COMP3109;;;;;;
376;COMP3027;COMP3419;;;;;;
377;COMP3221;COMP3520;;;;;;
378;COMP3308;COMP3530;;;;;;
379;COMP3608;COMP3888;;;;;;
380;COMP3927;COMP3988;;;;;;
381;COMP4103;COMP4103;;;;;;
382;COMP4104;COMP4104;;;;;;
383;COMP4105;COMP4105;;;;;;
384;COMP4106;COMP4106;;;;;;
385;COMP5045;COMP5047;;;;;;
386;COMP5046;COMP5048;;;;;;
387;COMP5048;COMP5216;;;;;;
388;COMP5313;COMP5318;;;;;;
389;COMP5318;COMP5328;;;;;;
390;COMP5329;COMP5338;;;;;;
391;COMP5347;COMP5415;;;;;;
392;COMP5348;COMP8328;;;;;;
393;COMP5349;COMP8617;;;;;;
394;COMP5405;CPAT3202;;;;;;
395;COMP5424;CPAT3902;;;;;;
396;COMP5425;CPNO1603;;;;;;
397;COMP5426;CPNO1604;;;;;;
398;COMP5427;CRIM1001;;;;;;
399;COSC2002;CRIM2602;;;;;;
400;COSC2902;CRIM2604;;;;;;
401;CPAT3201;CRIM3602;;;;;;
402;CPAT3901;CRIM3603;;;;;;
403;CPNO1603;CRIM3998;;;;;;
404;CPNO1604;CSYS5010;;;;;;
405;CRIM1002;CSYS5030;;;;;;
406;CRIM3601;CSYS5040;;;;;;
407;CRIM3998;DATA1001;;;;;;
408;CSCD1034;DATA1002;;;;;;
409;CSYS5010;DATA1901;;;;;;
410;CSYS5020;DATA1902;;;;;;
411;DATA1001;DATA2002;;;;;;
412;DATA1901;DATA2902;;;;;;
413;DATA2001;DATA3406;;;;;;
414;DATA2901;DATA4103;;;;;;
415;DATA3404;DATA4104;;;;;;
416;DATA3888;DATA4105;;;;;;
417;DATA4103;DATA4106;;;;;;
418;DATA4104;DATA5441;;;;;;
419;DATA4105;DATA6810;;;;;;
420;DATA4106;DATA6811;;;;;;
421;DATA5207;ECMT1010;;;;;;
422;DATA6810;ECMT1020;;;;;;
423;DATA6811;ECMT2130;;;;;;
424;DENT6000;ECMT2150;;;;;;
425;ECMT1010;ECMT2160;;;;;;
426;ECMT1020;ECMT3120;;;;;;
427;ECMT2130;ECMT3130;;;;;;
428;ECMT2150;ECMT3185;;;;;;
429;ECMT2950;ECMT5001;;;;;;
430;ECMT3110;ECMT6702;;;;;;
431;ECMT3150;ECOL4103;;;;;;
432;ECMT3160;ECOL4104;;;;;;
433;ECMT3170;ECOL4105;;;;;;
434;ECMT5001;ECOL4106;;;;;;
435;ECMT6702;ECOL4107;;;;;;
436;ECOL4103;ECOL4108;;;;;;
437;ECOL4104;ECON1001;;;;;;
438;ECOL4105;ECON1002;;;;;;
439;ECOL4106;ECON1003;;;;;;
440;ECOL4107;ECON1005;;;;;;
441;ECOL4108;ECON1006;;;;;;
442;ECON1001;ECON3998;;;;;;
443;ECON1002;ECON5001;;;;;;
444;ECON1003;ECON5002;;;;;;
445;ECON1040;ECON5005;;;;;;
446;ECON3998;ECON6701;;;;;;
447;ECON5001;ECON6702;;;;;;
448;ECON5002;ECON6703;;;;;;
449;ECON5005;ECOP1001;;;;;;
450;ECON6701;ECOP1003;;;;;;
451;ECON6702;ECOP2012;;;;;;
452;ECON6703;ECOP2612;;;;;;
453;ECOP1001;ECOP2616;;;;;;
454;ECOP2011;ECOP2619;;;;;;
455;ECOP2012;ECOP3011;;;;;;
456;ECOP3015;ECOP3618;;;;;;
457;ECOP3019;ECOP3911;;;;;;
458;ECOP3601;ECOP3998;;;;;;
459;ECOP3998;ECOS2001;;;;;;
460;ECOP6031;ECOS2002;;;;;;
461;ECOS2001;ECOS2025;;;;;;
462;ECOS2002;ECOS2201;;;;;;
463;ECOS2004;ECOS2902;;;;;;
464;ECOS2040;ECOS3002;;;;;;
465;ECOS2901;ECOS3003;;;;;;
466;ECOS3003;ECOS3004;;;;;;
467;ECOS3005;ECOS3005;;;;;;
468;ECOS3006;ECOS3006;;;;;;
469;ECOS3010;ECOS3007;;;;;;
470;ECOS3012;ECOS3008;;;;;;
471;ECOS3020;ECOS3010;;;;;;
472;ECOS3021;ECOS3011;;;;;;
473;ECOS3022;ECOS3012;;;;;;
474;ECOS3024;ECOS3013;;;;;;
475;ECOS3025;ECOS3015;;;;;;
476;ECOS3028;ECOS3016;;;;;;
477;ECOS3901;ECOS3017;;;;;;
478;ECOS3903;ECOS3018;;;;;;
479;ECOS4201;ECOS3020;;;;;;
480;ECOS4202;ECOS3022;;;;;;
481;ECOS4206;ECOS3023;;;;;;
482;ECOS4207;ECOS3027;;;;;;
483;EDGU1007;ECOS3029;;;;;;
484;EDGU2000;ECOS3030;;;;;;
485;EDPC5012;ECOS3031;;;;;;
486;EDPC5021;ECOS3902;;;;;;
487;EDPJ5022;ECOS3904;;;;;;
488;EDPK5001;ECOS4206;;;;;;
489;EDPK5003;ECOS4207;;;;;;
490;EDPZ5003;ECOS4211;;;;;;
491;EDUF1018;ECOS4212;;;;;;
492;EDUF1020;EDGU2000;;;;;;
493;EDUF2006;EDPC5025;;;;;;
494;EDUF3027;EDPJ5022;;;;;;
495;EDUF3028;EDPK5002;;;;;;
496;EDUF3032;EDPK5003;;;;;;
497;EDUF3038;EDUF1019;;;;;;
498;EDUF3136;EDUF1021;;;;;;
499;ELEC1004;EDUF2007;;;;;;
500;ELEC1005;EDUF3023;;;;;;
501;ELEC1103;EDUF3026;;;;;;
502;ELEC2602;EDUF3030;;;;;;
503;ELEC4712;EDUF3037;;;;;;
504;ELEC4713;EDUF3038;;;;;;
505;ELEC5204;ELEC1601;;;;;;
506;ELEC5208;ELEC2103;;;;;;
507;ELEC5211;ELEC2104;;;;;;
508;ELEC5213;ELEC2302;;;;;;
509;ELEC5304;ELEC4712;;;;;;
510;ELEC5306;ELEC4713;;;;;;
511;ELEC5507;ELEC5207;;;;;;
512;ELEC5509;ELEC5212;;;;;;
513;ELEC5511;ELEC5305;;;;;;
514;ELEC5516;ELEC5307;;;;;;
515;ELEC5518;ELEC5508;;;;;;
516;ELEC5616;ELEC5510;;;;;;
517;ELEC5618;ELEC5512;;;;;;
518;ELEC9505;ELEC5514;;;;;;
519;ELEC9515;ELEC5517;;;;;;
520;ELEC9607;ELEC5619;;;;;;
521;EMUS2500;ELEC5620;;;;;;
522;ENGG1000;ELEC9405;;;;;;
523;ENGG1111;ELEC9506;;;;;;
524;ENGG1800;ELEC9608;;;;;;
525;ENGG1810;EMUS5600;;;;;;
526;ENGG1850;ENGG1810;;;;;;
527;ENGG1860;ENGG1865;;;;;;
528;ENGG1863;ENGG5205;;;;;;
529;ENGG2850;ENGG5214;;;;;;
530;ENGG2851;ENGG5215;;;;;;
531;ENGG2855;ENGL1013;;;;;;
532;ENGG3216;ENGL1014;;;;;;
533;ENGG5202;ENGL1018;;;;;;
534;ENGG5204;ENGL2605;;;;;;
535;ENGG5205;ENGL2654;;;;;;
536;ENGL1007;ENGL2674;;;;;;
537;ENGL1016;ENGL2675;;;;;;
538;ENGL1017;ENGL3607;;;;;;
539;ENGL1019;ENGL3623;;;;;;
540;ENGL2617;ENGL3633;;;;;;
541;ENGL2627;ENGL3696;;;;;;
542;ENGL2661;ENGL3705;;;;;;
543;ENGL2666;ENGL3706;;;;;;
544;ENGL2669;ENGL3707;;;;;;
545;ENGL2672;ENGL3712;;;;;;
546;ENGL3608;ENGL3713;;;;;;
547;ENGL3642;ENGL3998;;;;;;
548;ENGL3655;ENGL6100;;;;;;
549;ENGL3657;ENGL6103;;;;;;
550;ENGL3695;ENGL6993;;;;;;
551;ENGL3709;ENSE1041;;;;;;
552;ENGL3710;ENSE1042;;;;;;
553;ENGL3711;ENSE1601;;;;;;
554;ENGL3998;ENSE1602;;;;;;
555;ENGL5000;ENSE2043;;;;;;
556;ENGL6101;ENSE2044;;;;;;
557;ENGL6102;ENSE2603;;;;;;
558;ENGL6914;ENSE2604;;;;;;
559;ENGL6993;ENVI1003;;;;;;
560;ENSC2001;ENVI2122;;;;;;
561;ENSE1041;ENVI2922;;;;;;
562;ENSE1042;ENVI3114;;;;;;
563;ENSE1601;ENVI3888;;;;;;
564;ENSE1602;ENVI4101;;;;;;
565;ENSE2043;ENVI4103;;;;;;
566;ENSE2044;ENVI4104;;;;;;
567;ENSE2603;ENVI4105;;;;;;
568;ENSE2604;ENVI4106;;;;;;
569;ENVI3111;ENVI4107;;;;;;
570;ENVI3911;ENVI4108;;;;;;
571;ENVI4101;ENVI5809;;;;;;
572;ENVI4103;ENVI5904;;;;;;
573;ENVI4104;ENVX3001;;;;;;
574;ENVI4105;ENVX3003;;;;;;
575;ENVI4106;ENVX4103;;;;;;
576;ENVI4107;ENVX4104;;;;;;
577;ENVI4108;ENVX4105;;;;;;
578;ENVI5801;ENVX4106;;;;;;
579;ENVX1002;EUST1002;;;;;;
580;ENVX2001;EUST2010;;;;;;
581;ENVX3002;EUST2601;;;;;;
582;ENVX4001;EUST3001;;;;;;
583;ENVX4103;EUST3998;;;;;;
584;ENVX4104;EUST7010;;;;;;
585;ENVX4105;EUST7011;;;;;;
586;ENVX4106;EUST7012;;;;;;
587;EUST1001;EUST7013;;;;;;
588;EUST2005;EXSS2030;;;;;;
589;EUST2617;EXSS3062;;;;;;
590;EUST3006;EXSS4103;;;;;;
591;EUST3111;EXSS4104;;;;;;
592;EUST3998;EXSS4105;;;;;;
593;EUST7010;EXSS4106;;;;;;
594;EUST7011;EXSS4107;;;;;;
595;EUST7012;EXSS4108;;;;;;
596;EUST7013;FASS3500;;;;;;
597;EXSS3061;FASS4902;;;;;;
598;EXSS3062;FILM1001;;;;;;
599;EXSS4103;FILM2000;;;;;;
600;EXSS4104;FILM3000;;;;;;
601;EXSS4105;FILM3001;;;;;;
602;EXSS4106;FILM3998;;;;;;
603;EXSS4107;FINC2011;;;;;;
604;EXSS4108;FINC2012;;;;;;
605;FASS3500;FINC3012;;;;;;
606;FASS4902;FINC3013;;;;;;
607;FILM1000;FINC3014;;;;;;
608;FILM2001;FINC3017;;;;;;
609;FILM3002;FINC3019;;;;;;
610;FILM3003;FINC3020;;;;;;
611;FILM3004;FINC3302;;;;;;
612;FILM3998;FMAT3888;;;;;;
613;FINC2011;FMAT4103;;;;;;
614;FINC2012;FMAT4104;;;;;;
615;FINC3011;FMAT4105;;;;;;
616;FINC3015;FMAT4106;;;;;;
617;FINC3017;FMHU2000;;;;;;
618;FINC3301;FMHU3000;;;;;;
619;FMAT4103;FMHU3002;;;;;;
620;FMAT4104;FMHU5003;;;;;;
621;FMAT4105;FOOD2000;;;;;;
622;FMAT4106;FOOD3000;;;;;;
623;FMHU2000;FOOD3888;;;;;;
624;FMHU3001;FOOD4103;;;;;;
625;FMHU5001;FOOD4104;;;;;;
626;FMHU5002;FOOD4105;;;;;;
627;FMHU5004;FOOD4106;;;;;;
628;FOOD3001;FRNC1602;;;;;;
629;FOOD3002;FRNC2100;;;;;;
630;FOOD4002;FRNC2101;;;;;;
631;FOOD4103;FRNC2604;;;;;;
632;FOOD4104;FRNC2625;;;;;;
633;FOOD4105;FRNC2680;;;;;;
634;FOOD4106;FRNC3002;;;;;;
635;FRNC1601;FRNC3200;;;;;;
636;FRNC2200;FRNC3300;;;;;;
637;FRNC2300;FRNC3606;;;;;;
638;FRNC2603;FRNC3634;;;;;;
639;FRNC2627;FRNC3690;;;;;;
640;FRNC2693;FRNC3998;;;;;;
641;FRNC3001;GCST1603;;;;;;
642;FRNC3100;GCST1604;;;;;;
643;FRNC3101;GCST2603;;;;;;
644;FRNC3605;GCST2610;;;;;;
645;FRNC3633;GCST2612;;;;;;
646;FRNC3653;GCST3604;;;;;;
647;FRNC3998;GCST3637;;;;;;
648;GCST1601;GCST3998;;;;;;
649;GCST1602;GCST5002;;;;;;
650;GCST2605;GCST5003;;;;;;
651;GCST2607;GCST5910;;;;;;
652;GCST2630;GCST6905;;;;;;
653;GCST3631;GEGE2001;;;;;;
654;GCST3633;GEGE2901;;;;;;
655;GCST3634;GEGE3004;;;;;;
656;GCST3636;GEGE3888;;;;;;
657;GCST3998;GEGE4103;;;;;;
658;GCST5001;GEGE4104;;;;;;
659;GEGE4103;GEGE4105;;;;;;
660;GEGE4104;GEGE4106;;;;;;
661;GEGE4105;GEGE4107;;;;;;
662;GEGE4106;GEGE4108;;;;;;
663;GEGE4107;GEOG3888;;;;;;
664;GEGE4108;GEOG4103;;;;;;
665;GEOG4103;GEOG4104;;;;;;
666;GEOG4104;GEOG4105;;;;;;
667;GEOG4105;GEOG4106;;;;;;
668;GEOG4106;GEOG4107;;;;;;
669;GEOG4107;GEOG4108;;;;;;
670;GEOG4108;GEOG4111;;;;;;
671;GEOG4111;GEOL3888;;;;;;
672;GEOG5001;GEOL4101;;;;;;
673;GEOL4101;GEOL4102;;;;;;
674;GEOL4102;GEOL4103;;;;;;
675;GEOL4103;GEOL4104;;;;;;
676;GEOL4104;GEOL4105;;;;;;
677;GEOL4105;GEOL4106;;;;;;
678;GEOL4106;GEOL4107;;;;;;
679;GEOL4107;GEOL4108;;;;;;
680;GEOL4108;GEOP4103;;;;;;
681;GEOP4103;GEOP4104;;;;;;
682;GEOP4104;GEOP4105;;;;;;
683;GEOP4105;GEOP4106;;;;;;
684;GEOP4106;GEOP4107;;;;;;
685;GEOP4107;GEOP4108;;;;;;
686;GEOP4108;GEOS1002;;;;;;
687;GEOS1001;GEOS1003;;;;;;
688;GEOS1901;GEOS1902;;;;;;
689;GEOS2114;GEOS1903;;;;;;
690;GEOS2115;GEOS2111;;;;;;
691;GEOS2121;GEOS2116;;;;;;
692;GEOS2123;GEOS2124;;;;;;
693;GEOS2914;GEOS2911;;;;;;
694;GEOS2915;GEOS2916;;;;;;
695;GEOS2921;GEOS2924;;;;;;
696;GEOS2923;GEOS3014;;;;;;
697;GEOS3009;GEOS3524;;;;;;
698;GEOS3101;GEOS3914;;;;;;
699;GEOS3103;GEOS3924;;;;;;
700;GEOS3520;GEOS4888;;;;;;
701;GEOS3801;GLOH5201;;;;;;
702;GEOS3803;GOVT1621;;;;;;
703;GEOS3909;GOVT1641;;;;;;
704;GEOS3920;GOVT1661;;;;;;
705;GEOS4888;GOVT2225;;;;;;
706;GOVT1621;GOVT2226;;;;;;
707;GOVT1641;GOVT2603;;;;;;
708;GOVT1661;GOVT2921;;;;;;
709;GOVT2112;GOVT2941;;;;;;
710;GOVT2119;GOVT2991;;;;;;
711;GOVT2228;GOVT3631;;;;;;
712;GOVT2921;GOVT3641;;;;;;
713;GOVT2941;GOVT3653;;;;;;
714;GOVT2991;GOVT3672;;;;;;
715;GOVT3651;GOVT3898;;;;;;
716;GOVT3655;GOVT3980;;;;;;
717;GOVT3665;GOVT3986;;;;;;
718;GOVT3671;GOVT3987;;;;;;
719;GOVT3898;GOVT3995;;;;;;
720;GOVT3980;GOVT3997;;;;;;
721;GOVT3989;GOVT3998;;;;;;
722;GOVT3993;GRKA1601;;;;;;
723;GOVT3999;GRKA2601;;;;;;
724;GOVT6139;GRKA2621;;;;;;
725;GRKA1600;GRKA3008;;;;;;
726;GRKA2600;GRKA3602;;;;;;
727;GRKA2620;GRKA3605;;;;;;
728;GRKA3007;GRKA3998;;;;;;
729;GRKA3009;GRKA7002;;;;;;
730;GRKA3603;GRMN1002;;;;;;
731;GRKA3604;GRMN2004;;;;;;
732;GRKA3998;GRMN3006;;;;;;
733;GRKA7001;GRMN3008;;;;;;
734;GRMN1001;GRMN3010;;;;;;
735;GRMN2003;GRMN3011;;;;;;
736;GRMN2633;GRMN3998;;;;;;
737;GRMN3005;HBRW1102;;;;;;
738;GRMN3007;HBRW1112;;;;;;
739;GRMN3009;HBRW2604;;;;;;
740;GRMN3015;HBRW2632;;;;;;
741;GRMN3611;HBRW3601;;;;;;
742;GRMN3682;HBRW3602;;;;;;
743;GRMN3998;HBRW3611;;;;;;
744;HBRW1011;HBRW3613;;;;;;
745;HBRW1111;HBRW3998;;;;;;
746;HBRW2603;HBRW6902;;;;;;
747;HBRW2623;HPSC1001;;;;;;
748;HBRW2625;HPSC1901;;;;;;
749;HBRW2631;HPSC2011;;;;;;
750;HBRW3610;HPSC3002;;;;;;
751;HBRW3612;HPSC3016;;;;;;
752;HBRW3998;HPSC3888;;;;;;
753;HBRW6901;HPSC4102;;;;;;
754;HORT3005;HPSC4103;;;;;;
755;HPSC1000;HPSC4104;;;;;;
756;HPSC1900;HPSC4108;;;;;;
757;HPSC2100;HPSC4201;;;;;;
758;HPSC2900;HPSC4202;;;;;;
759;HPSC3023;HPSC4203;;;;;;
760;HPSC3108;HPSC4204;;;;;;
761;HPSC4101;HPSC4888;;;;;;
762;HPSC4104;HSBH1005;;;;;;
763;HPSC4105;HSBH1013;;;;;;
764;HPSC4108;HSBH2009;;;;;;
765;HPSC4201;HSBH3001;;;;;;
766;HPSC4202;HSBH3003;;;;;;
767;HPSC4203;HSBH3009;;;;;;
768;HPSC4204;HSBH3016;;;;;;
769;HSBH1003;HSBH3026;;;;;;
770;HSBH1012;HSBH4101;;;;;;
771;HSBH3001;HSBH4103;;;;;;
772;HSBH3004;HSBH4104;;;;;;
773;HSBH3011;HSBH4105;;;;;;
774;HSBH3015;HSBH4106;;;;;;
775;HSBH3022;HSBH4107;;;;;;
776;HSBH3026;HSBH4108;;;;;;
777;HSTY1002;HSTO3003;;;;;;
778;HSTY1044;HSTO3004;;;;;;
779;HSTY2607;HSTY1001;;;;;;
780;HSTY2613;HSTY1003;;;;;;
781;HSTY2616;HSTY1023;;;;;;
782;HSTY2618;HSTY2606;;;;;;
783;HSTY2626;HSTY2609;;;;;;
784;HSTY2629;HSTY2642;;;;;;
785;HSTY2631;HSTY2647;;;;;;
786;HSTY2640;HSTY2652;;;;;;
787;HSTY2656;HSTY2700;;;;;;
788;HSTY2664;HSTY2712;;;;;;
789;HSTY2677;HSTY3700;;;;;;
790;HSTY2701;HSTY3714;;;;;;
791;HSTY2717;HSTY3802;;;;;;
792;HSTY3707;HSTY3803;;;;;;
793;HSTY3709;HSTY3901;;;;;;
794;HSTY3712;HSTY3902;;;;;;
795;HSTY3713;HSTY3998;;;;;;
796;HSTY3801;IBUS1101;;;;;;
797;HSTY3804;IBUS1102;;;;;;
798;HSTY3805;IBUS2020;;;;;;
799;HSTY3806;IBUS2101;;;;;;
800;HSTY3903;IBUS2103;;;;;;
801;HSTY3998;IBUS3101;;;;;;
802;HSTY7003;IBUS3104;;;;;;
803;IBUS1101;IBUS3109;;;;;;
804;IBUS1102;IBUS3110;;;;;;
805;IBUS2020;ICLS1001;;;;;;
806;IBUS2101;ICLS2626;;;;;;
807;IBUS2103;ICLS2633;;;;;;
808;IBUS2104;ICLS3102;;;;;;
809;IBUS3101;ICLS3631;;;;;;
810;IBUS3104;ICLS3998;;;;;;
811;IBUS3109;IMMU3202;;;;;;
812;ICLS1002;IMMU3903;;;;;;
813;ICLS2621;IMMU4103;;;;;;
814;ICLS2624;IMMU4104;;;;;;
815;ICLS2635;IMMU4105;;;;;;
816;ICLS3000;IMMU4106;;;;;;
817;ICLS3101;IMMU4107;;;;;;
818;ICLS3998;IMMU4108;;;;;;
819;IMMU2011;IMPA3888;;;;;;
820;IMMU2911;INDG1002;;;;;;
821;IMMU3102;INDG2004;;;;;;
822;IMMU3902;INDG3003;;;;;;
823;IMMU4103;INDG3005;;;;;;
824;IMMU4104;INDG3998;;;;;;
825;IMMU4105;INFC7000;;;;;;
826;IMMU4106;INFD3012;;;;;;
827;IMMU4107;INFD3888;;;;;;
828;IMMU4108;INFD4103;;;;;;
829;INDG1001;INFD4104;;;;;;
830;INDG2001;INFD4105;;;;;;
831;INDG2005;INFD4106;;;;;;
832;INDG3001;INFD4107;;;;;;
833;INDG3006;INFD4108;;;;;;
834;INDG3998;INFO1110;;;;;;
835;INFD4103;INFO1113;;;;;;
836;INFD4104;INFO1910;;;;;;
837;INFD4105;INFO3315;;;;;;
838;INFD4106;INFO4990;;;;;;
839;INFD4107;INFO4994;;;;;;
840;INFD4108;INFO5993;;;;;;
841;INFO1110;INFO5994;;;;;;
842;INFO1113;INFS1000;;;;;;
843;INFO1910;INFS1020;;;;;;
844;INFO4990;INFS2010;;;;;;
845;INFO4994;INFS2040;;;;;;
846;INFO5993;INFS3050;;;;;;
847;INFO5994;INFS3080;;;;;;
848;INFS1000;INFS3110;;;;;;
849;INFS1020;INMS1102;;;;;;
850;INFS2030;INMS2602;;;;;;
851;INFS2050;INMS3602;;;;;;
852;INFS3040;INMS3608;;;;;;
853;INFS3110;INMS3610;;;;;;
854;INFS3120;INMS3612;;;;;;
855;INMS1101;INMS3998;;;;;;
856;INMS2601;ISYS2120;;;;;;
857;INMS3601;ISYS2160;;;;;;
858;INMS3607;ISYS3888;;;;;;
859;INMS3609;ITLN1612;;;;;;
860;INMS3611;ITLN2612;;;;;;
861;INMS3998;ITLN2632;;;;;;
862;ISYS2110;ITLN3403;;;;;;
863;ISYS3401;ITLN3612;;;;;;
864;ISYS5050;ITLN3662;;;;;;
865;ITLN1611;ITLN3688;;;;;;
866;ITLN2002;ITLN3694;;;;;;
867;ITLN2611;ITLN3998;;;;;;
868;ITLN2631;ITLS2000;;;;;;
869;ITLN3611;JAZZ1000;;;;;;
870;ITLN3631;JAZZ1001;;;;;;
871;ITLN3667;JAZZ1016;;;;;;
872;ITLN3679;JAZZ1020;;;;;;
873;ITLN3685;JAZZ2002;;;;;;
874;ITLN3998;JAZZ2003;;;;;;
875;JAZZ1000;JAZZ2017;;;;;;
876;JAZZ1001;JAZZ2039;;;;;;
877;JAZZ1015;JAZZ3002;;;;;;
878;JAZZ1019;JAZZ3003;;;;;;
879;JAZZ2002;JCTC1003;;;;;;
880;JAZZ2003;JCTC3001;;;;;;
881;JAZZ2016;JCTC3002;;;;;;
882;JAZZ2038;JCTC3603;;;;;;
883;JAZZ3002;JCTC3998;;;;;;
884;JAZZ3003;JCTC6100;;;;;;
885;JCTC1004;JPNS1611;;;;;;
886;JCTC2100;JPNS1612;;;;;;
887;JCTC2101;JPNS2612;;;;;;
888;JCTC3003;JPNS2672;;;;;;
889;JCTC3602;JPNS3612;;;;;;
890;JCTC3998;JPNS3622;;;;;;
891;JCTC6908;JPNS3632;;;;;;
892;JPNS1611;JPNS3633;;;;;;
893;JPNS2611;JPNS3650;;;;;;
894;JPNS2670;JPNS3673;;;;;;
895;JPNS3002;JPNS3998;;;;;;
896;JPNS3611;KRNS1622;;;;;;
897;JPNS3621;KRNS2622;;;;;;
898;JPNS3631;KRNS3622;;;;;;
899;JPNS3998;KRNS3624;;;;;;
900;KRNS1621;KRNS3675;;;;;;
901;KRNS2621;KRNS3998;;;;;;
902;KRNS2641;LATN1601;;;;;;
903;KRNS2673;LATN2601;;;;;;
904;KRNS3621;LATN2621;;;;;;
905;KRNS3623;LATN3601;;;;;;
906;KRNS3998;LATN3602;;;;;;
907;LATN1600;LATN3605;;;;;;
908;LATN2600;LATN3606;;;;;;
909;LATN2620;LATN3998;;;;;;
910;LATN3603;LATN7202;;;;;;
911;LATN3604;LAWS7001;;;;;;
912;LATN3611;LIFE4888;;;;;;
913;LATN3998;LNGS1002;;;;;;
914;LATN7201;LNGS2624;;;;;;
915;LAWS6077;LNGS2628;;;;;;
916;LIFE4000;LNGS3605;;;;;;
917;LIFE4101;LNGS3608;;;;;;
918;LNGS1001;LNGS3612;;;;;;
919;LNGS2601;LNGS3696;;;;;;
920;LNGS2611;LNGS3700;;;;;;
921;LNGS2617;LNGS3998;;;;;;
922;LNGS2627;MARS4103;;;;;;
923;LNGS3609;MARS4104;;;;;;
924;LNGS3610;MARS4105;;;;;;
925;LNGS3701;MARS4106;;;;;;
926;LNGS3702;MARS4107;;;;;;
927;LNGS3704;MARS4108;;;;;;
928;LNGS3998;MATH1004;;;;;;
929;LNGS5000;MATH1005;;;;;;
930;LNGS5001;MATH1013;;;;;;
931;MARS3888;MATH1014;;;;;;
932;MARS4103;MATH1021;;;;;;
933;MARS4104;MATH1023;;;;;;
934;MARS4105;MATH1064;;;;;;
935;MARS4106;MATH1115;;;;;;
936;MARS4107;MATH1904;;;;;;
937;MARS4108;MATH1905;;;;;;
938;MARS5001;MATH1923;;;;;;
939;MARS5009;MATH1933;;;;;;
940;MATH1002;MATH2023;;;;;;
941;MATH1005;MATH2070;;;;;;
942;MATH1011;MATH2088;;;;;;
943;MATH1021;MATH2923;;;;;;
944;MATH1023;MATH2970;;;;;;
945;MATH1902;MATH2988;;;;;;
946;MATH1921;MATH3061;;;;;;
947;MATH1931;MATH3075;;;;;;
948;MATH2021;MATH3078;;;;;;
949;MATH2022;MATH3888;;;;;;
950;MATH2069;MATH3968;;;;;;
951;MATH2921;MATH3969;;;;;;
952;MATH2922;MATH3975;;;;;;
953;MATH3063;MATH3977;;;;;;
954;MATH3066;MATH3978;;;;;;
955;MATH3076;MATH4068;;;;;;
956;MATH3961;MATH4069;;;;;;
957;MATH3962;MATH4077;;;;;;
958;MATH3963;MATH4078;;;;;;
959;MATH3971;MATH4311;;;;;;
960;MATH3974;MATH4312;;;;;;
961;MATH3976;MATH4315;;;;;;
962;MATH3979;MATH4412;;;;;;
963;MATH4061;MATH4414;;;;;;
964;MATH4062;MATH4512;;;;;;
965;MATH4063;MATH4513;;;;;;
966;MATH4071;MATH5330;;;;;;
967;MATH4074;MATH5331;;;;;;
968;MATH4076;MATH5340;;;;;;
969;MATH4079;MATH5341;;;;;;
970;MATH4313;MATH5420;;;;;;
971;MATH4314;MATH5421;;;;;;
972;MATH4411;MATH5431;;;;;;
973;MATH4413;MATH5551;;;;;;
974;MATH4511;MCGY1031;;;;;;
975;MATH5311;MCGY2601;;;;;;
976;MATH5320;MCGY2611;;;;;;
977;MATH5321;MCGY3602;;;;;;
978;MATH5410;MCGY3639;;;;;;
979;MATH5411;MCGY5111;;;;;;
980;MCGY1030;MCGY5112;;;;;;
981;MCGY2612;MCGY5604;;;;;;
982;MCGY2613;MCHM3888;;;;;;
983;MCGY3604;MCHM4103;;;;;;
984;MCGY3629;MCHM4104;;;;;;
985;MCGY3630;MCHM4105;;;;;;
986;MCGY3636;MCHM4106;;;;;;
987;MCGY5111;MCHM4107;;;;;;
988;MCGY5112;MCHM4108;;;;;;
989;MCGY5600;MECH2400;;;;;;
990;MCGY5601;MECH2401;;;;;;
991;MCGY5602;MECH8265;;;;;;
992;MCGY5603;MECH8720;;;;;;
993;MCGY5605;MEDS2004;;;;;;
994;MCHM3001;MEDS2005;;;;;;
995;MCHM3901;MEDS3888;;;;;;
996;MCHM4103;MGRK1602;;;;;;
997;MCHM4104;MGRK2602;;;;;;
998;MCHM4105;MGRK3001;;;;;;
999;MCHM4106;MGRK3002;;;;;;
1000;MCHM4107;MGRK3607;;;;;;
1001;MCHM4108;MGRK3633;;;;;;
1002;MECH5311;MGRK3841;;;;;;
1003;MEDS1001;MGRK3998;;;;;;
1004;MEDS2001;MICR3052;;;;;;
1005;MEDS2002;MICR3888;;;;;;
1006;MEDS2003;MICR3952;;;;;;
1007;MEDS3001;MICR4103;;;;;;
1008;MGRK1601;MICR4104;;;;;;
1009;MGRK2601;MICR4105;;;;;;
1010;MGRK2603;MICR4106;;;;;;
1011;MGRK3603;MICR4107;;;;;;
1012;MGRK3604;MICR4108;;;;;;
1013;MGRK3605;MIMI2002;;;;;;
1014;MGRK3841;MIMI2902;;;;;;
1015;MGRK3998;MKTG1001;;;;;;
1016;MICR2031;MKTG1002;;;;;;
1017;MICR2931;MKTG2112;;;;;;
1018;MICR3021;MKTG3112;;;;;;
1019;MICR3921;MKTG3114;;;;;;
1020;MICR4103;MKTG3118;;;;;;
1021;MICR4104;MKTG3120;;;;;;
1022;MICR4105;MTRX1702;;;;;;
1023;MICR4106;MTRX1705;;;;;;
1024;MICR4107;MUSC1501;;;;;;
1025;MICR4108;MUSC1503;;;;;;
1026;MKTG1001;MUSC1504;;;;;;
1027;MKTG1002;MUSC1506;;;;;;
1028;MKTG2112;MUSC1604;;;;;;
1029;MKTG2113;MUSC2638;;;;;;
1030;MKTG3110;MUSC2644;;;;;;
1031;MKTG3116;MUSC2654;;;;;;
1032;MKTG3121;MUSC2672;;;;;;
1033;MKTG3122;MUSC2675;;;;;;
1034;MTRX2700;MUSC2693;;;;;;
1035;MTRX8700;MUSC3603;;;;;;
1036;MUED1009;MUSC3609;;;;;;
1037;MUSC1503;MUSC3629;;;;;;
1038;MUSC1504;MUSC3631;;;;;;
1039;MUSC1507;MUSC3699;;;;;;
1040;MUSC2614;MUSC4214;;;;;;
1041;MUSC2645;NANO2002;;;;;;
1042;MUSC2648;NANO4103;;;;;;
1043;MUSC2653;NANO4104;;;;;;
1044;MUSC2666;NANO4105;;;;;;
1045;MUSC2695;NANO4106;;;;;;
1046;MUSC3610;NANO4888;;;;;;
1047;MUSC3630;NEUR3003;;;;;;
1048;MUSC3639;NEUR3004;;;;;;
1049;MUSC3641;NEUR3903;;;;;;
1050;MUSC4214;NEUR3904;;;;;;
1051;NANO4001;NEUR4001;;;;;;
1052;NANO4103;NEUR4103;;;;;;
1053;NANO4104;NEUR4104;;;;;;
1054;NANO4105;NEUR4105;;;;;;
1055;NANO4106;NEUR4106;;;;;;
1056;NEUR3005;NEUR4107;;;;;;
1057;NEUR3006;NEUR4108;;;;;;
1058;NEUR3905;NUTM3888;;;;;;
1059;NEUR3906;OLES1602;;;;;;
1060;NEUR4103;OLES2107;;;;;;
1061;NEUR4104;OLES2210;;;;;;
1062;NEUR4105;OLET1115;;;;;;
1063;NEUR4106;OLET1135;;;;;;
1064;NEUR4107;OLET1231;;;;;;
1065;NEUR4108;OLET1401;;;;;;
1066;NUTM3001;OLET1501;;;;;;
1067;OLES2129;OLET1504;;;;;;
1068;OLES2210;OLET1506;;;;;;
1069;OLET1133;OLET1510;;;;;;
1070;OLET1135;OLET1514;;;;;;
1071;OLET1137;OLET1605;;;;;;
1072;OLET1301;OLET1616;;;;;;
1073;OLET1303;OLET1622;;;;;;
1074;OLET1305;OLET1652;;;;;;
1075;OLET1307;OLET1672;;;;;;
1076;OLET1309;OLET1801;;;;;;
1077;OLET1311;OLET1803;;;;;;
1078;OLET1403;OLET1811;;;;;;
1079;OLET1404;OLET2107;;;;;;
1080;OLET1405;OLET2109;;;;;;
1081;OLET1501;OLET2110;;;;;;
1082;OLET1504;OLET2120;;;;;;
1083;OLET1508;OLET2123;;;;;;
1084;OLET1510;OLET2125;;;;;;
1085;OLET1512;OLET2136;;;;;;
1086;OLET1616;OLET2401;;;;;;
1087;OLET1622;OLET2502;;;;;;
1088;OLET1652;OLET2701;;;;;;
1089;OLET1672;OLET2801;;;;;;
1090;OLET1801;OLET5811;;;;;;
1091;OLET1803;OLET5902;;;;;;
1092;OLET1811;PATH4103;;;;;;
1093;OLET2109;PATH4104;;;;;;
1094;OLET2123;PATH4105;;;;;;
1095;OLET2125;PATH4106;;;;;;
1096;OLET2151;PATH4107;;;;;;
1097;OLET2701;PATH4108;;;;;;
1098;OLET5801;PCOL2022;;;;;;
1099;PATH4103;PCOL2922;;;;;;
1100;PATH4104;PCOL3022;;;;;;
1101;PATH4105;PCOL3888;;;;;;
1102;PATH4106;PCOL3922;;;;;;
1103;PATH4107;PCOL4103;;;;;;
1104;PATH4108;PCOL4104;;;;;;
1105;PCOL2021;PCOL4105;;;;;;
1106;PCOL3011;PCOL4106;;;;;;
1107;PCOL3012;PCOL4107;;;;;;
1108;PCOL3911;PCOL4108;;;;;;
1109;PCOL3912;PERF2605;;;;;;
1110;PCOL4103;PERF3607;;;;;;
1111;PCOL4104;PERF3609;;;;;;
1112;PCOL4105;PERF3640;;;;;;
1113;PCOL4106;PERF5600;;;;;;
1114;PCOL4107;PERF5610;;;;;;
1115;PCOL4108;PHIL1012;;;;;;
1116;PERF2604;PHIL1013;;;;;;
1117;PERF3606;PHIL2612;;;;;;
1118;PERF3608;PHIL2613;;;;;;
1119;PERF3640;PHIL2617;;;;;;
1120;PERF5600;PHIL2618;;;;;;
1121;PHAR6000;PHIL2621;;;;;;
1122;PHIL1011;PHIL2635;;;;;;
1123;PHIL2607;PHIL2642;;;;;;
1124;PHIL2610;PHIL2643;;;;;;
1125;PHIL2615;PHIL2646;;;;;;
1126;PHIL2619;PHIL2647;;;;;;
1127;PHIL2622;PHIL2648;;;;;;
1128;PHIL2623;PHIL2658;;;;;;
1129;PHIL2634;PHIL2661;;;;;;
1130;PHIL2640;PHIL2670;;;;;;
1131;PHIL2645;PHIL2672;;;;;;
1132;PHIL2655;PHIL2674;;;;;;
1133;PHIL2663;PHIL3605;;;;;;
1134;PHIL2675;PHIL3610;;;;;;
1135;PHIL2678;PHIL3640;;;;;;
1136;PHIL2679;PHIL3643;;;;;;
1137;PHIL2680;PHIL3651;;;;;;
1138;PHIL3608;PHIL3677;;;;;;
1139;PHIL3609;PHIL3681;;;;;;
1140;PHIL3611;PHIL3998;;;;;;
1141;PHIL3613;PHIL6102;;;;;;
1142;PHIL3615;PHIL6106;;;;;;
1143;PHIL3639;PHIL6109;;;;;;
1144;PHIL3655;PHSI2008;;;;;;
1145;PHIL3662;PHSI2908;;;;;;
1146;PHIL3998;PHSI3012;;;;;;
1147;PHIL6103;PHSI3888;;;;;;
1148;PHIL6108;PHSI3912;;;;;;
1149;PHIL6110;PHSI4103;;;;;;
1150;PHIL6111;PHSI4104;;;;;;
1151;PHIL6112;PHSI4105;;;;;;
1152;PHSI2007;PHSI4106;;;;;;
1153;PHSI2907;PHSI4107;;;;;;
1154;PHSI3009;PHSI4108;;;;;;
1155;PHSI3010;PHYS1003;;;;;;
1156;PHSI3909;PHYS1004;;;;;;
1157;PHSI3910;PHYS1902;;;;;;
1158;PHSI4103;PHYS1904;;;;;;
1159;PHSI4104;PHYS2012;;;;;;
1160;PHSI4105;PHYS2013;;;;;;
1161;PHSI4106;PHYS2912;;;;;;
1162;PHSI4107;PHYS2913;;;;;;
1163;PHSI4108;PHYS2922;;;;;;
1164;PHYS1001;PHYS2923;;;;;;
1165;PHYS1002;PHYS3025;;;;;;
1166;PHYS1901;PHYS3035;;;;;;
1167;PHYS1903;PHYS3037;;;;;;
1168;PHYS2011;PHYS3888;;;;;;
1169;PHYS2911;PHYS3925;;;;;;
1170;PHYS2921;PHYS3935;;;;;;
1171;PHYS3015;PHYS3937;;;;;;
1172;PHYS3034;PHYS4015;;;;;;
1173;PHYS3036;PHYS4016;;;;;;
1174;PHYS3888;PHYS4037;;;;;;
1175;PHYS3915;PHYS4103;;;;;;
1176;PHYS3934;PHYS4104;;;;;;
1177;PHYS3936;PHYS4105;;;;;;
1178;PHYS4017;PHYS4106;;;;;;
1179;PHYS4036;PHYS4123;;;;;;
1180;PHYS4103;PHYS4124;;;;;;
1181;PHYS4104;PHYS4126;;;;;;
1182;PHYS4105;PHYS4888;;;;;;
1183;PHYS4106;PHYS5005;;;;;;
1184;PHYS4121;PHYS5006;;;;;;
1185;PHYS4122;PHYS5018;;;;;;
1186;PHYS4125;PHYS5020;;;;;;
1187;PHYS5002;PHYS5032;;;;;;
1188;PHYS5011;PHYS5033;;;;;;
1189;PHYS5012;PHYS5034;;;;;;
1190;PHYS5029;PHYS5123;;;;;;
1191;PHYS5031;PHYS5124;;;;;;
1192;PHYS5032;PHYS5126;;;;;;
1193;PHYS5033;PMAT4103;;;;;;
1194;PHYS5121;PMAT4104;;;;;;
1195;PHYS5122;PMAT4105;;;;;;
1196;PHYS5125;PMAT4106;;;;;;
1197;PMAT4103;PMGT1711;;;;;;
1198;PMAT4104;PMGT1852;;;;;;
1199;PMAT4105;PMGT2821;;;;;;
1200;PMAT4106;PMGT2822;;;;;;
1201;PMGT2711;PMGT2854;;;;;;
1202;PMGT5875;PMGT5876;;;;;;
1203;PMGT5898;PMGT5879;;;;;;
1204;PMGT6871;PMGT5896;;;;;;
1205;PMGT6872;PMGT6873;;;;;;
1206;PRFM1601;PMGT6891;;;;;;
1207;PRFM2601;PRFM1602;;;;;;
1208;PRFM3603;PRFM1603;;;;;;
1209;PRFM3621;PRFM2602;;;;;;
1210;PRFM3625;PRFM2605;;;;;;
1211;PRFM3961;PRFM3602;;;;;;
1212;PRFM3998;PRFM3606;;;;;;
1213;PRFM5901;PRFM3611;;;;;;
1214;PRFM5902;PRFM3998;;;;;;
1215;PSYC1001;PSYC1002;;;;;;
1216;PSYC2012;PSYC2016;;;;;;
1217;PSYC2015;PSYC2017;;;;;;
1218;PSYC2915;PSYC3010;;;;;;
1219;PSYC3011;PSYC3013;;;;;;
1220;PSYC3012;PSYC3014;;;;;;
1221;PSYC3015;PSYC3016;;;;;;
1222;PSYC3017;PSYC3020;;;;;;
1223;PSYC3018;PSYC3888;;;;;;
1224;PSYC3911;PSYC3913;;;;;;
1225;PSYC4004;PSYC3914;;;;;;
1226;PSYC4103;PSYC3916;;;;;;
1227;PSYC4107;PSYC4003;;;;;;
1228;PSYC4123;PSYC4005;;;;;;
1229;PSYC4124;PSYC4006;;;;;;
1230;PSYC4125;PSYC4104;;;;;;
1231;PUBH5010;PSYC4105;;;;;;
1232;QBIO2001;PSYC4106;;;;;;
1233;QBIO4103;PSYC4888;;;;;;
1234;QBIO4104;PUBH5216;;;;;;
1235;QBIO4105;PUBH5217;;;;;;
1236;QBIO4106;PUBH5224;;;;;;
1237;QBUS1040;PUBH5312;;;;;;
1238;QBUS2310;PUBH5317;;;;;;
1239;QBUS2810;QBIO3888;;;;;;
1240;QBUS2820;QBIO4103;;;;;;
1241;QBUS3310;QBIO4104;;;;;;
1242;QBUS3320;QBIO4105;;;;;;
1243;QBUS3820;QBIO4106;;;;;;
1244;QBUS3850;QBUS1040;;;;;;
1245;REHB2026;QBUS2310;;;;;;
1246;RLST1002;QBUS2810;;;;;;
1247;RLST2640;QBUS2820;;;;;;
1248;RLST3606;QBUS3330;;;;;;
1249;RLST3607;QBUS3340;;;;;;
1250;RLST3608;QBUS3350;;;;;;
1251;RLST3609;QBUS3830;;;;;;
1252;RLST3610;QBUS3840;;;;;;
1253;RLST3998;RLST1005;;;;;;
1254;RSCH9111;RLST2624;;;;;;
1255;SANS1001;RLST2639;;;;;;
1256;SANS2601;RLST3601;;;;;;
1257;SCIE4001;RLST3604;;;;;;
1258;SCIE4002;RLST3605;;;;;;
1259;SCIE4003;RLST3998;;;;;;
1260;SCIE4999;RSCH9111;;;;;;
1261;SCIE5001;SANS1002;;;;;;
1262;SCLG1001;SANS2602;;;;;;
1263;SCLG2000;SCIE4003;;;;;;
1264;SCLG2601;SCIE4999;;;;;;
1265;SCLG2637;SCIE5001;;;;;;
1266;SCLG2638;SCIE5004;;;;;;
1267;SCLG3607;SCLG1002;;;;;;
1268;SCLG3612;SCLG2613;;;;;;
1269;SCLG3998;SCLG2623;;;;;;
1270;SCPL2601;SCLG3601;;;;;;
1271;SCPL2604;SCLG3608;;;;;;
1272;SCPU3001;SCLG3610;;;;;;
1273;SCPU4002;SCLG3998;;;;;;
1274;SCWK6902;SCPL2602;;;;;;
1275;SIEN1000;SCPL3604;;;;;;
1276;SIEN1001;SCPU3001;;;;;;
1277;SIEN2210;SCPU4002;;;;;;
1278;SIEN3107;SIEN1000;;;;;;
1279;SLAM4001;SIEN1001;;;;;;
1280;SLAM4002;SIEN2001;;;;;;
1281;SLAM4004;SIEN2210;;;;;;
1282;SLCS4201;SIEN3001;;;;;;
1283;SLCS4303;SIEN3204;;;;;;
1284;SLSS1001;SLAM4001;;;;;;
1285;SLSS2607;SLAM4002;;;;;;
1286;SLSS3601;SLAM4003;;;;;;
1287;SLSS3603;SLCS4205;;;;;;
1288;SLSS3998;SLCS4301;;;;;;
1289;SOFT3202;SLCS4303;;;;;;
1290;SOFT4103;SLSS1003;;;;;;
1291;SOFT4104;SLSS2604;;;;;;
1292;SOFT4105;SLSS2606;;;;;;
1293;SOFT4106;SLSS2607;;;;;;
1294;SOIL2005;SLSS3602;;;;;;
1295;SOIL4000;SLSS3998;;;;;;
1296;SOIL4103;SOFT2201;;;;;;
1297;SOIL4104;SOFT2412;;;;;;
1298;SOIL4105;SOFT3410;;;;;;
1299;SOIL4106;SOFT3888;;;;;;
1300;SOMS4102;SOFT4103;;;;;;
1301;SOPH4001;SOFT4104;;;;;;
1302;SOPH4002;SOFT4105;;;;;;
1303;SOPH4003;SOFT4106;;;;;;
1304;SPAN1621;SOIL3888;;;;;;
1305;SPAN2611;SOIL4103;;;;;;
1306;SPAN2622;SOIL4104;;;;;;
1307;SPAN3001;SOIL4105;;;;;;
1308;SPAN3611;SOIL4106;;;;;;
1309;SPAN3613;SOMS4102;;;;;;
1310;SPAN3624;SOPH4001;;;;;;
1311;SPAN3998;SOPH4002;;;;;;
1312;SRSU3601;SOPH4003;;;;;;
1313;SSPS4101;SPAN1622;;;;;;
1314;SSPS4102;SPAN2612;;;;;;
1315;SSPS6001;SPAN2621;;;;;;
1316;SSPS6002;SPAN2631;;;;;;
1317;STAT2011;SPAN2641;;;;;;
1318;STAT2911;SPAN3002;;;;;;
1319;STAT3021;SPAN3612;;;;;;
1320;STAT3022;SPAN3614;;;;;;
1321;STAT3921;SPAN3615;;;;;;
1322;STAT3922;SPAN3625;;;;;;
1323;STAT3925;SPAN3998;;;;;;
1324;STAT3926;SRSU3100;;;;;;
1325;STAT4021;SRSU5101;;;;;;
1326;STAT4022;SSPS4111;;;;;;
1327;STAT4025;SSPS6004;;;;;;
1328;STAT4026;SSPS6005;;;;;;
1329;STAT4028;SSPS6006;;;;;;
1330;STAT4103;SSPS6007;;;;;;
1331;STAT4104;STAT3023;;;;;;
1332;STAT4105;STAT3888;;;;;;
1333;STAT4106;STAT3923;;;;;;
1334;STAT4528;STAT4023;;;;;;
1335;STAT5002;STAT4027;;;;;;
1336;STAT5003;STAT4103;;;;;;
1337;USSC1201;STAT4104;;;;;;
1338;USSC2602;STAT4105;;;;;;
1339;USSC3601;STAT4106;;;;;;
1340;USSC3703;STAT5002;;;;;;
1341;USSC3998;STAT5003;;;;;;
1342;VIRO3001;STAT5610;;;;;;
1343;VIRO3901;STAT5611;;;;;;
1344;WILD3001;SUST5002;;;;;;
1345;WILD4003;USSC2601;;;;;;
1346;WILD4103;USSC3603;;;;;;
1347;WILD4104;USSC3703;;;;;;
1348;WILD4105;USSC3998;;;;;;
1349;WILD4106;VIRO3002;;;;;;
1350;WMST6902;VIRO3902;;;;;;
1351;WMST6904;VSAO5022;;;;;;
1352;WORK1003;WILD3888;;;;;;
1353;WORK1004;WILD4004;;;;;;
1354;WORK2203;WILD4103;;;;;;
1355;WORK2205;WILD4104;;;;;;
1356;WORK2218;WILD4105;;;;;;
1357;WORK3202;WILD4106;;;;;;
1358;WORK3206;WORK1003;;;;;;
1359;WRIT1000;WORK1004;;;;;;
1360;WRIT1001;WORK2203;;;;;;
1361;WRIT1002;WORK2205;;;;;;
1362;WRIT2000;WORK2218;;;;;;
1363;WRIT2002;WORK3201;;;;;;
1364;WRIT3002;WORK3203;;;;;;
1365;WRIT5001;WORK3205;;;;;;
1366;WRIT5003;WRIT1000;;;;;;
1367;WRIT6001;WRIT1001;;;;;;
1368;;WRIT2002;;;;;;
1369;;WRIT3003;;;;;;
1370;;WRIT5002;;;;;;
1371;;WRIT5003;;;;;;
1372;;WRIT6000;;;;;;
